Id,Usuario_id,Pedido_id,Calificaci√≥n,Comentario,Fecha
58428f17-eb5e-49e1-a41e-64febb3a2498,64b3892a5f9f0656bd0000034,64b3892a5f9f0656bd000006,5,Medical run window job exactly debate local paper identify some base.,2025-02-08
20d07083-3fd1-423a-a57d-15fd6d57c83f,64b3892a5f9f0656bd000005,64b3892a5f9f0656bd0000017,3,Key guess maintain involve account sing nor.,2025-03-20
10673eb2-84aa-46ad-ac63-73f1ce759a63,64b3892a5f9f0656bd0000032,64b3892a5f9f0656bd0000021,4,Edge tonight full modern foot ground help every lay.,2025-01-12
0e5e8c0c-6208-43b6-91ca-53f500689697,64b3892a5f9f0656bd000006,64b3892a5f9f0656bd0000021,4,Nor five expect radio wind every trial agency into how.,2025-01-05
26ab5b3f-16a0-4a28-a9f2-02d234a5357f,64b3892a5f9f0656bd0000026,64b3892a5f9f0656bd0000024,4,Table five himself room order bar listen skill.,2025-02-16
00cbdf8a-e4fe-4771-b2ef-e885ec021631,64b3892a5f9f0656bd000004,64b3892a5f9f0656bd0000032,2,Nothing among soon hour increase training while assume control so spend week choose.,2025-02-12
62b7a7f0-34b2-480b-8adf-b47692fefc6f,64b3892a5f9f0656bd0000036,64b3892a5f9f0656bd0000036,2,Coach though believe protect player scientist though law mouth believe.,2025-04-07
1a50c042-defa-48ec-8499-8d2e1c863d09,64b3892a5f9f0656bd0000024,64b3892a5f9f0656bd0000019,2,Accept worker city room base realize.,2025-03-22
50442a6e-6bb1-4201-a795-9b8b94888152,64b3892a5f9f0656bd0000034,64b3892a5f9f0656bd0000032,1,Story trip pull sea voice future control data without responsibility scientist.,2025-03-27
27ab5d71-f137-4b07-a14a-9e6dee06d8d5,64b3892a5f9f0656bd0000013,64b3892a5f9f0656bd0000025,4,Sound task mission young dinner suddenly.,2025-01-19
45e4690c-6afd-47c7-a02f-b5143cf6dd5f,64b3892a5f9f0656bd0000015,64b3892a5f9f0656bd0000042,3,Second question yes whose room religious popular loss more inside western hour once.,2025-02-21
1339fa84-b010-4dc6-a3fe-7d7a3da8dea5,64b3892a5f9f0656bd0000031,64b3892a5f9f0656bd000004,1,Meet Mr through network practice pull.,2025-01-14
d20ccaec-b879-4996-8415-240cdf664eed,64b3892a5f9f0656bd000008,64b3892a5f9f0656bd0000010,4,Which north century bag song my action suggest which operation focus former today.,2025-03-21
bf9ac40c-6ad0-4476-8c04-df60c7cc140f,64b3892a5f9f0656bd0000034,64b3892a5f9f0656bd000006,2,Rather would range general teach need study.,2025-02-27
e4f75528-774e-4a86-a60a-ab54bd6e5be8,64b3892a5f9f0656bd0000017,64b3892a5f9f0656bd0000026,2,Deal professional million old too difficult score its management television event year.,2025-03-15
0f3a5301-c47f-43a1-adee-7a20c6409872,64b3892a5f9f0656bd000005,64b3892a5f9f0656bd0000025,3,Common phone everybody down generation class movement base stay hear may science arm.,2025-04-10
2d4a8dbd-f5ce-4d15-a34c-62107f8db972,64b3892a5f9f0656bd0000034,64b3892a5f9f0656bd0000047,4,Financial military sense lay drop argue happy energy story evidence various.,2025-03-02
6605809f-f108-4b05-a0cb-ca71d8b601e2,64b3892a5f9f0656bd0000018,64b3892a5f9f0656bd0000027,1,Until common deal management hope guess goal hand.,2025-02-09
a5587b0d-1246-4e19-89f8-459b54b436c2,64b3892a5f9f0656bd0000029,64b3892a5f9f0656bd0000037,4,She throw likely college might season crime history hour hand kid company.,2025-03-06
b2340580-e751-4d04-8ea1-fa678e120886,64b3892a5f9f0656bd0000031,64b3892a5f9f0656bd000004,2,Politics rich often beyond manage become face mention accept tree.,2025-01-19
917679ab-080c-4254-9c53-c57b8978ddfb,64b3892a5f9f0656bd0000044,64b3892a5f9f0656bd0000019,2,Issue national attorney then unit authority hour entire article analysis quickly.,2025-01-09
3b9fc3b0-b3e0-4f2d-a484-8dcdcd592253,64b3892a5f9f0656bd000004,64b3892a5f9f0656bd0000042,3,Difference official let risk enter gun serious glass instead prevent meeting.,2025-02-24
f0d1aacb-6600-4ab0-a6f0-391179501f92,64b3892a5f9f0656bd0000027,64b3892a5f9f0656bd0000010,3,Author study professional card if program speech family most choice generation walk professional.,2025-03-01
34eaa1bf-314f-40f9-9380-205e4e7bc5eb,64b3892a5f9f0656bd0000034,64b3892a5f9f0656bd0000013,5,Loss candidate edge close some when claim ability let order situation method seem.,2025-04-02
297e1bd9-687a-4c74-a677-00cc3a77b46f,64b3892a5f9f0656bd000009,64b3892a5f9f0656bd0000011,1,Fire these beautiful develop enough inside man you go place later.,2025-01-07
5d0d70d7-ef61-41bb-bb34-341c9a8f8624,64b3892a5f9f0656bd000006,64b3892a5f9f0656bd0000040,3,Idea attack item bar pressure feeling staff information likely dark.,2025-03-20
80610282-2364-446f-a12d-31421fe539da,64b3892a5f9f0656bd0000015,64b3892a5f9f0656bd0000012,3,Party site however son possible environment.,2025-01-12
2ca47820-a2cc-4a5d-a430-df216b640f13,64b3892a5f9f0656bd0000049,64b3892a5f9f0656bd0000010,5,Money beautiful agency probably without product sing statement glass positive exist few reflect.,2025-01-25
1a131f0c-d4d4-472a-8de5-79c6ffec986b,64b3892a5f9f0656bd0000015,64b3892a5f9f0656bd0000014,5,Boy talk model security true speak contain knowledge matter poor.,2025-04-04
ffcce66d-5eee-4817-bdb4-ef5d2b6ef0d6,64b3892a5f9f0656bd0000012,64b3892a5f9f0656bd0000019,3,Hot deal full politics feel note agent affect majority gun forward accept sometimes.,2025-03-09
974b0c50-cbcf-41e8-a1f1-3939aaa67089,64b3892a5f9f0656bd0000049,64b3892a5f9f0656bd0000014,1,Ask we staff beyond six camera.,2025-03-31
0436595b-58bc-4e7c-93e6-24fc3caae27d,64b3892a5f9f0656bd0000044,64b3892a5f9f0656bd0000026,5,Into dark toward final poor street war rich sign single well.,2025-01-03
989583f8-9eeb-40ee-b0c5-1c3d27db5df8,64b3892a5f9f0656bd000006,64b3892a5f9f0656bd0000014,4,Mrs later computer we get action name nation argue.,2025-04-09
589d591c-3c1c-4418-a19d-7991b7ca3bdc,64b3892a5f9f0656bd0000010,64b3892a5f9f0656bd0000019,4,Son design energy anything expect indicate on attorney man including agree science describe.,2025-01-10
46b18d53-c997-4a85-824c-5bde54ecfac0,64b3892a5f9f0656bd000008,64b3892a5f9f0656bd0000030,4,Middle impact itself allow me statement head.,2025-02-16
90d3b304-2b50-4db3-b387-5d7bc070570d,64b3892a5f9f0656bd0000047,64b3892a5f9f0656bd0000041,2,Step manage more wear piece simply tough seek opportunity off suddenly list present.,2025-04-08
0be06a66-b501-4495-a22e-7c99064e0ec5,64b3892a5f9f0656bd0000020,64b3892a5f9f0656bd0000033,1,High that treat day pay bag bank memory word night our.,2025-01-30
1609d61b-78cb-4f47-a654-06c051bf78fb,64b3892a5f9f0656bd0000024,64b3892a5f9f0656bd0000012,5,Large law full guess rather deal happen.,2025-02-01
3273019c-69a4-4ced-a40a-4f6c25502e05,64b3892a5f9f0656bd0000036,64b3892a5f9f0656bd0000022,4,Foot subject about include capital check there check to night.,2025-03-27
aa0f2caf-9abf-4493-acad-59a3cf0202e6,64b3892a5f9f0656bd0000049,64b3892a5f9f0656bd0000031,4,Project nature ability represent color religious.,2025-02-08
052fb036-153b-4624-80ba-697e93148c56,64b3892a5f9f0656bd0000040,64b3892a5f9f0656bd0000035,1,Rule source together develop Democrat he rule seat thus service.,2025-03-16
52f5f069-47a9-4247-8414-7839194e8e52,64b3892a5f9f0656bd000007,64b3892a5f9f0656bd0000019,4,Machine once law avoid hospital simply somebody mention hundred me section.,2025-03-19
80882c24-cae4-4383-a7f6-f339138df894,64b3892a5f9f0656bd0000050,64b3892a5f9f0656bd0000018,3,Issue appear team treatment sing future.,2025-04-07
57d46e8c-9aa3-47e8-be74-d1bbfd01a00e,64b3892a5f9f0656bd0000024,64b3892a5f9f0656bd0000019,2,Major week push old anyone cut build help perform back arm finish.,2025-02-13
661f2088-fded-41de-9e62-3a2a040bd1fa,64b3892a5f9f0656bd0000011,64b3892a5f9f0656bd0000036,2,Lawyer nation account bed almost activity gun story vote deep after.,2025-03-03
311762fc-b224-4d87-a8a9-2814f87b91e4,64b3892a5f9f0656bd0000016,64b3892a5f9f0656bd0000035,3,Even young Mrs contain pretty somebody.,2025-02-08
f52a45ea-a954-4b98-bba7-260568b0859b,64b3892a5f9f0656bd0000029,64b3892a5f9f0656bd0000038,2,Laugh military wonder within add region risk.,2025-03-02
82886469-cbc1-4465-990b-963fae820a1e,64b3892a5f9f0656bd000005,64b3892a5f9f0656bd0000034,4,Evidence expect listen position member health nice three.,2025-02-28
c3f9c9b5-fe60-402d-8a75-d558779cdefb,64b3892a5f9f0656bd000003,64b3892a5f9f0656bd0000022,4,Student vote produce month piece force notice film fish.,2025-02-10
4013c533-135e-444c-be97-02d1609c8af9,64b3892a5f9f0656bd0000011,64b3892a5f9f0656bd0000041,5,Happen begin her green soon table.,2025-02-12
